{
    "neoforge:conditions": [
        {
            "type": "neoforge:mod_loaded",
            "modid": "enderzoology"
		}
    ],
    "entity": "enderzoology:fallen_knight",
    "name": {
        "translate": "entity.enderzoology.fallen_knight",
        "color": "#2A6349"
    },
    "sim_cost": 192,
    "input": {
        "item": "hostilenetworks:prediction_matrix"
    },
    "base_drop": {
        "id": "hostilenetworks:overworld_prediction"
    },
    "trivia": "custom.trivia.fallen_knight",
    "fabricator_drops": [
        {
            "id": "minecraft:bone",
            "count": 32
        },
        {
            "id": "minecraft:rotten_flesh",
            "count": 32
        },
        {
            "id": "minecraft:skeleton_skull",
            "count": 1
        },
        {
            "id": "minecraft:zombie_head",
            "count": 1
        },
        {
            "optional": true,
            "id": "reliquary:rib_bone",
            "count": 4
        },
        {
            "optional": true,
            "id": "reliquary:zombie_heart",
            "count": 4
        }
    ]
}