{
    "neoforge:conditions": [
        {
            "type": "neoforge:mod_loaded",
            "modid": "environmental"
        }
    ],
    "entity": "environmental:koi",
    "name": {
        "translate": "entity.environmental.koi",
        "color": "#968386"
    },
    "sim_cost": 64,
    "input": {
        "item": "hostilenetworks:prediction_matrix"
    },
    "base_drop": {
        "id": "hostilenetworks:overworld_prediction"
    },
    "trivia": "custom.trivia.koi",
    "fabricator_drops": [
        {
            "id": "environmental:koi",
            "count": 32
        },
        {
            "id": "minecraft:bone_meal",
            "count": 2
        }
    ]
}