{
    "neoforge:conditions": [
        {
            "type": "neoforge:mod_loaded",
            "modid": "cataclysm"
		}
    ],
    "entity": "cataclysm:amethyst_crab",
    "name": {
        "translate": "entity.cataclysm.amethyst_crab",
        "color": "#3C284F"
    },
	"display": {
        "scale": 0.4
    },
    "sim_cost": 164,
    "input": {
        "item": "hostilenetworks:prediction_matrix"
    },
    "base_drop": {
        "id": "hostilenetworks:overworld_prediction"
    },
    "trivia": "custom.trivia.amethyst_crab",
    "fabricator_drops": [
        {
            "id": "cataclysm:amethyst_crab_meat",
            "count": 32
        },
		{
            "id": "cataclysm:amethyst_crab_shell",
            "count": 8
        }
    ],
    "tier_data": {
        "basic": 64,
        "advanced": 256,
        "superior": 1024,
        "self_aware": 4096
    },
    "data_per_kill": {
        "faulty": 8,
        "basic": 16,
        "advanced": 32,
        "superior": 64
    }
}