{
    "neoforge:conditions": [
        {
            "type": "neoforge:mod_loaded",
            "modid": "cataclysm"
		}
    ],
    "entity": "cataclysm:ignited_berserker",
    "name": {
        "translate": "entity.cataclysm.ignited_berserker",
        "color": "#825000"
    },
	"display": {
        "scale": 0.7
    },
    "sim_cost": 256,
    "input": {
        "item": "hostilenetworks:prediction_matrix"
    },
    "base_drop": {
        "id": "hostilenetworks:nether_prediction"
    },
    "trivia": "custom.trivia.ignited_berserker",
    "fabricator_drops": [
        {
            "id": "cataclysm:dying_ember",
            "count": 4
        }
    ],
    "tier_data": {
        "basic": 96,
        "advanced": 384,
        "superior": 1536,
        "self_aware": 6144
    },
    "data_per_kill": {
        "faulty": 24,
        "basic": 48,
        "advanced": 96,
        "superior": 192
    }
}