{
    "neoforge:conditions": [
        {
            "type": "neoforge:mod_loaded",
            "modid": "irons_spellbooks"
        }
    ],
    "entity": "irons_spellbooks:apothecarist",
    "name": {
        "translate": "entity.irons_spellbooks.apothecarist",
        "color": "#55EA62"
    },
    "sim_cost": 256,
    "input": {
        "item": "hostilenetworks:prediction_matrix"
    },
    "base_drop": {
        "id": "hostilenetworks:nether_prediction"
    },
    "trivia": "custom.trivia.apothecarist",
    "fabricator_drops": [
        {
            "id": "irons_spellbooks:arcane_essence",
            "count": 8
        },
        {
            "id": "irons_spellbooks:nature_rune",
            "count": 1
        }
    ]
}