{
    "neoforge:conditions": [
        {
            "type": "neoforge:mod_loaded",
            "modid": "twilightforest"
        }
    ],
    "entity": "twilightforest:stable_ice_core",
    "variants": [
        "twilightforest:ice_crystal",
        "twilightforest:unstable_ice_core"
    ],
    "name": {
        "translate": "name.hostilenetworks.twilight_ice",
        "color": "#55FF55"
    },
    "sim_cost": 256,
    "input": {
        "item": "hostilenetworks:prediction_matrix"
    },
    "base_drop": {
        "id": "hostilenetworks:twilight_prediction"
    },
    "trivia": "hostilenetworks.trivia.twilight_ice",
    "fabricator_drops": [
        {
			"optional": true,
            "id": "ad_astra:ice_shard",
            "count": 16
        },
        {
            "id": "minecraft:snowball",
            "count": 32
        },
        {
            "id": "minecraft:ice",
            "count": 8
        },
		{
			"optional": true,
			"id": "biomeswevegone:black_ice",
			"count": 4
		},
        {
			"optional": true,
            "id": "ecologics:thin_ice",
            "count": 16
        }
    ]
}