{
    "neoforge:conditions": [
        {
            "type": "neoforge:mod_loaded",
            "modid": "autumnity"
        }
    ],
    "entity": "autumnity:snail",
    "name": {
        "translate": "entity.autumnity.snail",
        "color": "#9B805B"
    },
    "sim_cost": 64,
    "input": {
        "item": "hostilenetworks:prediction_matrix"
    },
    "base_drop": {
        "id": "hostilenetworks:overworld_prediction"
    },
	"trivia": "custom.trivia.snail",
    "fabricator_drops": [
		{
            "id": "autumnity:snail_goo",
            "count": 8
        }
    ]
}