{
    "neoforge:conditions": [
        {
            "type": "neoforge:mod_loaded",
            "modid": "eternal_starlight"
        }
    ],
    "entity": "eternal_starlight:grimstone_golem",
    "name": {
        "translate": "entity.eternal_starlight.grimstone_golem",
        "color": "#303036"
    },
    "sim_cost": 128,
    "input": {
        "item": "hostilenetworks:prediction_matrix"
    },
    "base_drop": {
        "id": "hostilenetworks:overworld_prediction"
    },
	"trivia": "custom.trivia.grimstone_golem",
    "fabricator_drops": [
		{
            "id": "eternal_starlight:cobbled_grimstone",
            "count": 16
        },
		{
            "id": "eternal_starlight:grimstone",
            "count": 16
        }
    ]
}