{
    "neoforge:conditions": [
        {
            "type": "neoforge:mod_loaded",
            "modid": "eternal_starlight"
        }
    ],
    "entity": "eternal_starlight:stranghoul",
    "name": {
        "translate": "entity.eternal_starlight.stranghoul",
        "color": "#3A4770"
    },
    "sim_cost": 256,
    "input": {
        "item": "hostilenetworks:prediction_matrix"
    },
    "base_drop": {
        "id": "hostilenetworks:overworld_prediction"
    },
	"trivia": "custom.trivia.stranghoul",
    "fabricator_drops": [
		{
            "id": "eternal_starlight:pungency_fruit",
            "count": 8
        },
		{
            "id": "eternal_starlight:pungency_fruit_seeds",
            "count": 8
        },
		{
            "id": "eternal_starlight:malarite",
            "count": 4
        }
    ]
}