{
    "neoforge:conditions": [
        {
            "type": "neoforge:mod_loaded",
            "modid": "upgrade_aquatic"
        }
    ],
    "entity": "upgrade_aquatic:perch",
    "name": {
        "translate": "entity.upgrade_aquatic.perch",
        "color": "#758A43"
    },
    "sim_cost": 32,
    "input": {
        "item": "hostilenetworks:prediction_matrix"
    },
    "base_drop": {
        "id": "hostilenetworks:overworld_prediction"
    },
    "trivia": "custom.trivia.perch",
    "fabricator_drops": [
        {
            "optional": true,
            "id": "croptopia:roe",
            "count": 32
        },
        {
            "id": "upgrade_aquatic:perch",
            "count": 32
        },
        {
            "id": "minecraft:bone_meal",
            "count": 2
        }
    ]
}